,tags
0,Award Winning
0,Historical
0,Action
0,Romance
0,Comedy
0,Martial Arts
0,Samurai
0,Drama
1,Historical
1,Long Strip
1,Romance
1,Reverse Harem
1,Wuxia
1,Web Comic
1,Full Color
2,Sci-Fi
2,Action
2,Romance
2,Comedy
2,Adventure
2,Isekai
2,Fantasy
2,Web Comic
2,Supernatural
2,Full Color
3,Demons
3,Comedy
3,Drama
3,Slice of Life
3,Supernatural
4,Romance
4,Comedy
4,School Life
4,Slice of Life
5,Romance
5,Comedy
5,Incest
5,Slice of Life
6,Action
6,Demons
6,Comedy
6,Adventure
6,Magic
6,Adaptation
7,Reincarnation
7,Monsters
7,Action
7,Demons
7,Long Strip
7,Adventure
7,Magic
7,Harem
7,Drama
7,Fantasy
7,Web Comic
7,Adaptation
7,Full Color
8,Comedy
8,Adventure
8,Harem
8,Isekai
8,Fantasy
8,Slice of Life
8,Adaptation
9,Reincarnation
9,Action
9,Romance
9,Adventure
9,Magic
9,Isekai
9,Fantasy
10,Reincarnation
10,Time Travel
10,Monsters
10,Action
10,Demons
10,Romance
10,Adventure
10,Magic
10,Drama
10,Fantasy
10,Adaptation
11,Oneshot
11,Thriller
11,Historical
11,Monsters
11,Action
11,Psychological
11,Ghosts
11,Animals
11,Romance
11,Ninja
11,Comedy
11,Anthology
11,Crime
11,Survival
11,Sports
11,Samurai
11,Adventure
11,Office Workers
11,Post-Apocalyptic
11,Sexual Violence
11,Military
11,Philosophical
11,Gore
11,Drama
11,Horror
11,Fantasy
11,Delinquents
11,Police
11,Slice of Life
11,Supernatural
11,Mystery
11,Tragedy
12,Oneshot
12,Sci-Fi
12,Survival
12,Post-Apocalyptic
12,Slice of Life
12,Tragedy
13,Reincarnation
13,Monsters
13,Action
13,Demons
13,Comedy
13,Survival
13,Adventure
13,Video Games
13,Magic
13,Isekai
13,Gore
13,Drama
13,Fantasy
13,Adaptation
14,Comedy
14,School Life
14,Slice of Life
15,Reincarnation
15,Time Travel
15,Action
15,Romance
15,Comedy
15,Adventure
15,Harem
15,Fantasy
15,Adaptation
16,Action
16,Comedy
16,School Life
16,Delinquents
17,Historical
17,Long Strip
17,Boys' Love
17,Adaptation
18,Monsters
18,Action
18,Demons
18,Psychological
18,Comedy
18,Superhero
18,Gore
18,Drama
18,Horror
18,Monster Girls
18,Police
18,Supernatural
18,Mystery
18,Tragedy
19,Sci-Fi
19,Monsters
19,Action
19,Ghosts
19,Romance
19,Comedy
19,Magic
19,Drama
19,School Life
19,Horror
19,Monster Girls
19,Slice of Life
19,Aliens
19,Supernatural
19,Mystery
20,Official Colored
20,Long Strip
20,Romance
20,Boys' Love
20,Magic
20,Fantasy
20,Vampires
20,Supernatural
20,Mystery
20,Full Color
21,Reincarnation
21,Historical
21,Psychological
21,Long Strip
21,Romance
21,Magic
21,Isekai
21,Drama
21,Fantasy
21,Villainess
21,Web Comic
21,Adaptation
21,Full Color
22,Romance
22,Comedy
22,4-Koma
22,Slice of Life
23,Monsters
23,Action
23,Comedy
23,Crime
23,Superhero
23,Martial Arts
23,Drama
24,Long Strip
24,Romance
24,Boys' Love
24,Drama
24,Web Comic
24,Full Color
25,Time Travel
25,Romance
25,Survival
25,Drama
25,Supernatural
25,Mystery
26,Action
26,Long Strip
26,Romance
26,Comedy
26,Harem
26,School Life
26,Fantasy
26,Monster Girls
26,Supernatural
26,Full Color
27,Sci-Fi
27,Monsters
27,Action
27,Animals
27,Comedy
27,Survival
27,Superhero
27,Martial Arts
27,Post-Apocalyptic
27,Gore
27,Drama
27,Web Comic
27,Supernatural
28,Action
28,Long Strip
28,Romance
28,Boys' Love
28,Survival
28,Adaptation
29,Thriller
29,Award Winning
29,Time Travel
29,Action
29,Psychological
29,Romance
29,Comedy
29,Crime
29,Survival
29,Adventure
29,Philosophical
29,Gore
29,Drama
29,School Life
29,Delinquents
29,Police
29,Slice of Life
29,Supernatural
29,Mystery
29,Tragedy
30,Romance
30,Anthology
30,Drama
31,Thriller
31,Genderswap
31,Loli
31,Historical
31,Monsters
31,Action
31,Survival
31,Zombies
31,Martial Arts
31,Crossdressing
31,Magic
31,Drama
31,Fantasy
31,Vampires
31,Monster Girls
31,Supernatural
31,Mystery
31,Adaptation
32,Award Winning
32,Monsters
32,Action
32,Demons
32,Comedy
32,Survival
32,Gore
32,Horror
32,Monster Girls
32,Police
32,Supernatural
33,Romance
33,Comedy
33,4-Koma
33,School Life
33,Slice of Life
34,Action
34,Mafia
34,Drama
34,Supernatural
34,Mystery
34,Adaptation
35,Time Travel
35,Romance
35,Comedy
35,Drama
35,School Life
35,Supernatural
36,Sci-Fi
36,Action
36,Mecha
36,Drama
36,Full Color
37,Oneshot
37,Psychological
37,Girls' Love
38,Thriller
38,Sci-Fi
38,Traditional Games
38,Monsters
38,Action
38,Psychological
38,Romance
38,Comedy
38,Crime
38,Survival
38,Superhero
38,Martial Arts
38,Adventure
38,Office Workers
38,Magic
38,Military
38,Gore
38,Drama
38,Horror
38,Vampires
38,Police
38,Supernatural
38,Mystery
38,Adaptation
38,Tragedy
39,Romance
39,Comedy
39,Harem
39,Drama
39,Slice of Life
39,Cooking
40,Long Strip
40,Romance
40,Comedy
40,Boys' Love
40,Full Color
41,Long Strip
41,Romance
41,Comedy
41,Magic
41,Isekai
41,Drama
41,Fantasy
41,Villainess
41,Web Comic
41,Adaptation
41,Full Color
42,Comedy
42,Sports
42,Drama
42,School Life
43,Action
43,Romance
43,Comedy
43,Magic
43,Harem
43,Fantasy
44,Monsters
44,Action
44,Romance
44,Adventure
44,Magic
44,Fantasy
44,Adaptation
45,Action
45,Martial Arts
45,Adventure
45,Sexual Violence
45,Harem
45,Wuxia
45,Fantasy
45,Web Comic
45,Adaptation
45,Full Color
46,Thriller
46,Reincarnation
46,Time Travel
46,Psychological
46,Long Strip
46,Survival
46,Zombies
46,Isekai
46,Gore
46,Horror
46,Web Comic
46,Supernatural
46,Full Color
47,Reincarnation
47,Monsters
47,Action
47,Comedy
47,Superhero
47,Magical Girls
47,User Created
47,Magic
47,Fantasy
47,Web Comic
47,Slice of Life
48,Thriller
48,Monsters
48,Action
48,Long Strip
48,Survival
48,Adventure
48,Video Games
48,Magic
48,Isekai
48,Fantasy
48,Web Comic
48,Supernatural
48,Adaptation
48,Full Color
49,Comedy
49,Slice of Life
50,Romance
50,Comedy
50,Slice of Life
51,Award Winning
51,Historical
51,Action
51,Martial Arts
51,Adventure
51,Military
51,Gore
51,Drama
52,Romance
52,Comedy
52,Shota
52,Slice of Life
52,Adaptation
53,Action
53,Long Strip
53,Comedy
53,Martial Arts
53,Adventure
53,Military
53,Gore
53,Drama
53,Fantasy
53,Web Comic
53,Supernatural
53,Adaptation
53,Full Color
54,Ghosts
54,Romance
54,Comedy
54,School Life
54,Slice of Life
54,Supernatural
55,Reincarnation
55,Romance
55,Comedy
55,Adventure
55,Magic
55,Isekai
55,School Life
55,Fantasy
55,Villainess
55,Slice of Life
55,Adaptation
56,Romance
56,Comedy
56,Harem
56,School Life
56,Slice of Life
57,Romance
57,Comedy
57,Crime
57,Mafia
57,Police
57,Web Comic
57,Slice of Life
58,Monsters
58,Action
58,Long Strip
58,Adventure
58,Virtual Reality
58,Video Games
58,Drama
58,Fantasy
58,Web Comic
58,Adaptation
58,Full Color
59,Long Strip
59,Romance
59,Comedy
59,Boys' Love
59,Office Workers
59,Crossdressing
59,Web Comic
59,Full Color
60,Romance
60,School Life
60,Slice of Life
61,Sci-Fi
61,Action
61,Mecha
61,Superhero
61,Samurai
61,Magical Girls
61,Aliens
62,Long Strip
62,Comedy
62,Boys' Love
62,Web Comic
62,Adaptation
62,Full Color
63,Thriller
63,Sci-Fi
63,Monsters
63,Action
63,Demons
63,Post-Apocalyptic
63,Military
63,Fantasy
63,Monster Girls
63,Mystery
64,Action
64,Comedy
64,Martial Arts
64,Adventure
64,Harem
64,Fantasy
64,Adaptation
65,Reincarnation
65,Genderswap
65,Monsters
65,Action
65,Demons
65,Comedy
65,Crime
65,Martial Arts
65,Mafia
65,Adventure
65,Magic
65,Isekai
65,Gore
65,Drama
65,Fantasy
65,Supernatural
65,Mystery
66,Romance
66,Comedy
66,Harem
66,School Life
66,Supernatural
67,Long Strip
67,Romance
67,Comedy
67,Mafia
67,Office Workers
67,Drama
67,Web Comic
67,Adaptation
67,Full Color
68,Comedy
68,School Life
69,Long Strip
69,Romance
69,Magic
69,Fantasy
69,Web Comic
69,Adaptation
69,Full Color
70,Comedy
70,Delinquents
70,Slice of Life
71,Monsters
71,Comedy
71,Adventure
71,Magic
71,Fantasy
71,Supernatural
71,Mystery
72,Monsters
72,Action
72,Demons
72,Comedy
72,Survival
72,Gore
72,Horror
72,Monster Girls
72,Police
72,Supernatural
72,Full Color
73,Reincarnation
73,Genderswap
73,Adventure
73,Sexual Violence
73,Isekai
73,Fantasy
73,Slice of Life
73,Adaptation
74,Romance
74,Comedy
74,School Life
74,Slice of Life
74,Gyaru
75,Genderswap
75,Action
75,Supernatural
75,Tragedy
76,Sci-Fi
76,Action
76,Drama
76,Fantasy
76,Police
76,Aliens
76,Supernatural
77,Romance
77,School Life
77,Web Comic
77,Slice of Life
77,Gyaru
78,Long Strip
78,Romance
78,Comedy
78,Girls' Love
78,Fantasy
78,Web Comic
79,Long Strip
79,Comedy
79,Magic
79,Harem
79,School Life
79,Fantasy
80,Award Winning
80,Romance
80,Comedy
80,School Life
80,Slice of Life
81,Sci-Fi
81,Action
81,Mecha
81,Sexual Violence
81,Gore
81,Supernatural
82,Action
82,Psychological
82,Romance
82,Comedy
82,Drama
82,Vampires
82,Slice of Life
82,Supernatural
83,Thriller
83,Loli
83,Monsters
83,Action
83,Romance
83,Comedy
83,Survival
83,Martial Arts
83,Sexual Violence
83,Magic
83,Harem
83,Gore
83,Drama
83,School Life
83,Horror
83,Fantasy
83,Monster Girls
83,Slice of Life
83,Supernatural
83,Mystery
83,Adaptation
83,Tragedy
84,Monsters
84,Action
84,Demons
84,Long Strip
84,Comedy
84,Martial Arts
84,Adventure
84,Magic
84,Fantasy
84,Web Comic
84,Supernatural
84,Adaptation
84,Full Color
85,Official Colored
85,Action
85,Psychological
85,Long Strip
85,Adventure
85,Fantasy
85,Full Color
86,Psychological
86,Romance
86,Comedy
86,Drama
86,School Life
86,Slice of Life
87,Drama
87,Slice of Life
88,Psychological
88,Romance
88,Drama
88,Web Comic
88,Slice of Life
88,Full Color
89,Reincarnation
89,Isekai
89,Fantasy
89,Adaptation
90,Historical
90,Romance
90,Comedy
90,Slice of Life
90,Cooking
91,Monsters
91,Action
91,Romance
91,Comedy
91,Survival
91,Adventure
91,Magic
91,Military
91,Drama
91,Fantasy
91,Monster Girls
91,Slice of Life
91,Adaptation
92,Action
92,Long Strip
92,Crime
92,Adventure
92,Military
92,Drama
92,School Life
92,Delinquents
92,Web Comic
92,Full Color
93,Romance
93,School Life
93,Slice of Life
93,Supernatural
94,Romance
94,Comedy
94,School Life
94,Delinquents
94,Slice of Life
94,Cooking
95,Historical
95,Romance
95,Comedy
95,Mafia
95,Slice of Life
96,Romance
96,Comedy
96,Slice of Life
97,Action
97,Comedy
97,Adventure
97,Magic
97,Harem
97,Fantasy
97,Adaptation
98,Romance
98,School Life
98,Slice of Life
99,Romance
99,Comedy
99,Office Workers
99,Web Comic
99,Slice of Life
